City,State,Housing type,Units,Sq. ft. per unit,Population density,Neighborhood median income,Total duration (years),Total duration low,Total duration high,Total duration 95% CI,Permitting duration (years),Permitting low,Permitting high,Permitting 95% CI,Rank (longest first)
San Francisco,CA,Duplex/triplex,2,1200,"4,000/sq. mi.","$80,000",4.82,4,5.63,4–5.63,1.89,1.43,2.36,1.43–2.36,1
Jersey City,NJ,Duplex/triplex,2,1200,"4,000/sq. mi.","$80,000",3.88,2.27,5.49,2.27–5.49,0.34,0.14,0.54,0.14–0.54,2
Miami,FL,Duplex/triplex,2,1200,"4,000/sq. mi.","$80,000",3.68,3.06,4.3,3.06–4.3,1.35,1.09,1.6,1.09–1.6,3
Tulsa,OK,Duplex/triplex,2,1200,"4,000/sq. mi.","$80,000",3.22,2.49,3.95,2.49–3.95,0.92,0.72,1.12,0.72–1.12,4
Phoenix,AZ,Duplex/triplex,2,1200,"4,000/sq. mi.","$80,000",3.11,2.9,3.32,2.9–3.32,1.33,1.18,1.48,1.18–1.48,5
Oakland,CA,Duplex/triplex,2,1200,"4,000/sq. mi.","$80,000",3.01,2.51,3.51,2.51–3.51,0.49,0.38,0.61,0.38–0.61,6
Philadelphia,PA,Duplex/triplex,2,1200,"4,000/sq. mi.","$80,000",2.99,2.74,3.23,2.74–3.23,0.21,0.19,0.24,0.19–0.24,7
Washington,DC,Duplex/triplex,2,1200,"4,000/sq. mi.","$80,000",2.92,2.38,3.45,2.38–3.45,0.92,0.68,1.16,0.68–1.16,8
New York,NY,Duplex/triplex,2,1200,"4,000/sq. mi.","$80,000",2.9,2.81,2.98,2.81–2.98,0.81,0.77,0.85,0.77–0.85,9
Los Angeles,CA,Duplex/triplex,2,1200,"4,000/sq. mi.","$80,000",2.58,2.42,2.74,2.42–2.74,0.91,0.83,0.99,0.83–0.99,10
Boston,MA,Duplex/triplex,2,1200,"4,000/sq. mi.","$80,000",2.53,2.27,2.79,2.27–2.79,1.1,0.91,1.29,0.91–1.29,11
Honolulu,HI,Duplex/triplex,2,1200,"4,000/sq. mi.","$80,000",2.5,2.31,2.7,2.31–2.7,0.96,0.86,1.07,0.86–1.07,12
Fort Lauderdale,FL,Duplex/triplex,2,1200,"4,000/sq. mi.","$80,000",2.48,2.06,2.91,2.06–2.91,0.94,0.71,1.17,0.71–1.17,13
Seattle,WA,Duplex/triplex,2,1200,"4,000/sq. mi.","$80,000",2.39,2.28,2.5,2.28–2.5,0.72,0.67,0.76,0.67–0.76,14
Cleveland,OH,Duplex/triplex,2,1200,"4,000/sq. mi.","$80,000",2.34,1.68,2.99,1.68–2.99,0.63,0.41,0.86,0.41–0.86,15
Boise,ID,Duplex/triplex,2,1200,"4,000/sq. mi.","$80,000",2.18,1.24,3.11,1.24–3.11,0.44,0.22,0.66,0.22–0.66,16
San Diego,CA,Duplex/triplex,2,1200,"4,000/sq. mi.","$80,000",2.01,1.81,2.2,1.81–2.2,0.6,0.51,0.7,0.51–0.7,17
Louisville,KY,Duplex/triplex,2,1200,"4,000/sq. mi.","$80,000",1.97,1.35,2.59,1.35–2.59,0.23,0.11,0.36,0.11–0.36,18
Jacksonville,FL,Duplex/triplex,2,1200,"4,000/sq. mi.","$80,000",1.88,1.66,2.11,1.66–2.11,0.48,0.38,0.58,0.38–0.58,19
Albuquerque,NM,Duplex/triplex,2,1200,"4,000/sq. mi.","$80,000",1.84,1.17,2.52,1.17–2.52,0.21,0.1,0.32,0.1–0.32,20
Houston,TX,Duplex/triplex,2,1200,"4,000/sq. mi.","$80,000",1.82,1.56,2.07,1.56–2.07,0.28,0.2,0.36,0.2–0.36,21
Providence,RI,Duplex/triplex,2,1200,"4,000/sq. mi.","$80,000",1.8,1.36,2.25,1.36–2.25,0.1,0.05,0.14,0.05–0.14,22
Boulder,CO,Duplex/triplex,2,1200,"4,000/sq. mi.","$80,000",1.69,1.44,1.94,1.44–1.94,0.71,0.46,0.96,0.46–0.96,23
Sacramento,CA,Duplex/triplex,2,1200,"4,000/sq. mi.","$80,000",1.67,1.44,1.89,1.44–1.89,0.37,0.25,0.48,0.25–0.48,24
Portland,OR,Duplex/triplex,2,1200,"4,000/sq. mi.","$80,000",1.6,1.53,1.67,1.53–1.67,0.58,0.53,0.62,0.53–0.62,25
Durham,NC,Duplex/triplex,2,1200,"4,000/sq. mi.","$80,000",1.58,1.21,1.95,1.21–1.95,0.2,0.15,0.25,0.15–0.25,26
Atlanta,GA,Duplex/triplex,2,1200,"4,000/sq. mi.","$80,000",1.53,1.36,1.69,1.36–1.69,0.38,0.28,0.47,0.28–0.47,27
Austin,TX,Duplex/triplex,2,1200,"4,000/sq. mi.","$80,000",1.47,1.4,1.53,1.4–1.53,0.32,0.29,0.34,0.29–0.34,28
Reno,NV,Duplex/triplex,2,1200,"4,000/sq. mi.","$80,000",1.43,1.22,1.64,1.22–1.64,0.39,0.25,0.53,0.25–0.53,29
Tampa,FL,Duplex/triplex,2,1200,"4,000/sq. mi.","$80,000",1.38,1.17,1.59,1.17–1.59,0.37,0.28,0.45,0.28–0.45,30
Columbus,OH,Duplex/triplex,2,1200,"4,000/sq. mi.","$80,000",1.34,1.21,1.48,1.21–1.48,0.1,0.08,0.13,0.08–0.13,31
Nashville,TN,Duplex/triplex,2,1200,"4,000/sq. mi.","$80,000",1.29,1.02,1.56,1.02–1.56,0.15,0.09,0.21,0.09–0.21,32
Colorado Springs,CO,Duplex/triplex,2,1200,"4,000/sq. mi.","$80,000",1.28,1.11,1.45,1.11–1.45,0.2,0.14,0.26,0.14–0.26,33
San Antonio,TX,Duplex/triplex,2,1200,"4,000/sq. mi.","$80,000",1.25,1.02,1.48,1.02–1.48,0.14,0.09,0.18,0.09–0.18,34
Baton Rouge,LA,Duplex/triplex,2,1200,"4,000/sq. mi.","$80,000",1.22,1.05,1.39,1.05–1.39,0.35,0.26,0.44,0.26–0.44,35
Denver,CO,Duplex/triplex,2,1200,"4,000/sq. mi.","$80,000",1.2,1.08,1.32,1.08–1.32,0.22,0.13,0.3,0.13–0.3,36
Fort Worth,TX,Duplex/triplex,2,1200,"4,000/sq. mi.","$80,000",1.15,1.05,1.26,1.05–1.26,0.15,0.12,0.18,0.12–0.18,37
New Orleans,LA,Duplex/triplex,2,1200,"4,000/sq. mi.","$80,000",1.14,1,1.27,1–1.27,0.18,0.14,0.21,0.14–0.21,38
Orlando,FL,Duplex/triplex,2,1200,"4,000/sq. mi.","$80,000",1.08,0.98,1.19,0.98–1.19,0.21,0.14,0.28,0.14–0.28,39
Oklahoma City,OK,Duplex/triplex,2,1200,"4,000/sq. mi.","$80,000",0.83,0.74,0.91,0.74–0.91,0.06,0.03,0.08,0.03–0.08,40
El Paso,TX,Duplex/triplex,2,1200,"4,000/sq. mi.","$80,000",0.82,0.66,0.97,0.66–0.97,0.15,0.06,0.23,0.06–0.23,41
Wilmington,NC,Duplex/triplex,2,1200,"4,000/sq. mi.","$80,000",0.59,0.56,0.61,0.56–0.61,0,0,0,0–0,42
Miami,FL,Multifamily,20,1200,"4,000/sq. mi.","$80,000",5.02,4.25,5.78,4.25–5.78,1.9,1.39,2.41,1.39–2.41,1
San Francisco,CA,Multifamily,20,1200,"4,000/sq. mi.","$80,000",4.88,4.5,5.26,4.5–5.26,1.46,1.23,1.7,1.23–1.7,2
New York,NY,Multifamily,20,1200,"4,000/sq. mi.","$80,000",4.79,4.6,4.98,4.6–4.98,1.39,1.28,1.51,1.28–1.51,3
Oakland,CA,Multifamily,20,1200,"4,000/sq. mi.","$80,000",4.5,4.19,4.8,4.19–4.8,0.96,0.83,1.09,0.83–1.09,4
Los Angeles,CA,Multifamily,20,1200,"4,000/sq. mi.","$80,000",4.25,4.1,4.4,4.1–4.4,1.53,1.44,1.61,1.44–1.61,5
Baton Rouge,LA,Multifamily,20,1200,"4,000/sq. mi.","$80,000",4,2.92,5.07,2.92–5.07,1.01,0.67,1.35,0.67–1.35,6
Boston,MA,Multifamily,20,1200,"4,000/sq. mi.","$80,000",3.75,3.44,4.06,3.44–4.06,1.67,1.44,1.89,1.44–1.89,7
Seattle,WA,Multifamily,20,1200,"4,000/sq. mi.","$80,000",3.32,3.1,3.53,3.1–3.53,1.03,0.94,1.12,0.94–1.12,8
Honolulu,HI,Multifamily,20,1200,"4,000/sq. mi.","$80,000",3.07,2.79,3.36,2.79–3.36,1.28,1.13,1.43,1.13–1.43,9
Philadelphia,PA,Multifamily,20,1200,"4,000/sq. mi.","$80,000",3,2.7,3.29,2.7–3.29,0.31,0.25,0.37,0.25–0.37,10
Durham,NC,Multifamily,20,1200,"4,000/sq. mi.","$80,000",2.85,2.56,3.13,2.56–3.13,0.34,0.29,0.39,0.29–0.39,11
Sacramento,CA,Multifamily,20,1200,"4,000/sq. mi.","$80,000",2.8,2.57,3.04,2.57–3.04,0.94,0.8,1.08,0.8–1.08,12
Jersey City,NJ,Multifamily,20,1200,"4,000/sq. mi.","$80,000",2.76,2.13,3.39,2.13–3.39,0.31,0.09,0.53,0.09–0.53,13
Houston,TX,Multifamily,20,1200,"4,000/sq. mi.","$80,000",2.73,2.66,2.79,2.66–2.79,0.66,0.62,0.69,0.62–0.69,14
Washington,DC,Multifamily,20,1200,"4,000/sq. mi.","$80,000",2.73,2.39,3.06,2.39–3.06,0.76,0.6,0.92,0.6–0.92,15
Spokane,WA,Multifamily,20,1200,"4,000/sq. mi.","$80,000",2.64,1.88,3.41,1.88–3.41,0.26,0.18,0.34,0.18–0.34,16
Austin,TX,Multifamily,20,1200,"4,000/sq. mi.","$80,000",2.64,2.57,2.7,2.57–2.7,0.77,0.73,0.81,0.73–0.81,17
Tulsa,OK,Multifamily,20,1200,"4,000/sq. mi.","$80,000",2.61,2.21,3.01,2.21–3.01,0.84,0.55,1.13,0.55–1.13,18
San Diego,CA,Multifamily,20,1200,"4,000/sq. mi.","$80,000",2.61,2.43,2.78,2.43–2.78,0.76,0.68,0.83,0.68–0.83,19
Portland,OR,Multifamily,20,1200,"4,000/sq. mi.","$80,000",2.58,2.44,2.71,2.44–2.71,0.9,0.83,0.98,0.83–0.98,20
Boulder,CO,Multifamily,20,1200,"4,000/sq. mi.","$80,000",2.52,2.28,2.77,2.28–2.77,0.69,0.54,0.85,0.54–0.85,21
Nashville,TN,Multifamily,20,1200,"4,000/sq. mi.","$80,000",2.49,2.24,2.74,2.24–2.74,0.58,0.43,0.72,0.43–0.72,22
Denver,CO,Multifamily,20,1200,"4,000/sq. mi.","$80,000",2.44,2.32,2.55,2.32–2.55,0.57,0.52,0.63,0.52–0.63,23
Phoenix,AZ,Multifamily,20,1200,"4,000/sq. mi.","$80,000",2.39,2.24,2.53,2.24–2.53,0.68,0.6,0.76,0.6–0.76,24
Colorado Springs,CO,Multifamily,20,1200,"4,000/sq. mi.","$80,000",2.3,2.15,2.45,2.15–2.45,0.56,0.5,0.62,0.5–0.62,25
Cincinnati,OH,Multifamily,20,1200,"4,000/sq. mi.","$80,000",2.24,1.87,2.61,1.87–2.61,0.47,0.3,0.64,0.3–0.64,26
Orlando,FL,Multifamily,20,1200,"4,000/sq. mi.","$80,000",2.22,2.05,2.4,2.05–2.4,0.64,0.55,0.72,0.55–0.72,27
Cleveland,OH,Multifamily,20,1200,"4,000/sq. mi.","$80,000",2.14,1.84,2.45,1.84–2.45,0.57,0.42,0.71,0.42–0.71,28
Boise,ID,Multifamily,20,1200,"4,000/sq. mi.","$80,000",2.05,1.77,2.32,1.77–2.32,0.55,0.41,0.68,0.41–0.68,29
Atlanta,GA,Multifamily,20,1200,"4,000/sq. mi.","$80,000",2.05,1.85,2.24,1.85–2.24,0.64,0.51,0.76,0.51–0.76,30
Anaheim,CA,Multifamily,20,1200,"4,000/sq. mi.","$80,000",2.04,1.81,2.27,1.81–2.27,0.95,0.73,1.18,0.73–1.18,31
Kansas City,MO,Multifamily,20,1200,"4,000/sq. mi.","$80,000",2.04,1.88,2.2,1.88–2.2,0.2,0.15,0.26,0.15–0.26,32
Tampa,FL,Multifamily,20,1200,"4,000/sq. mi.","$80,000",2.02,1.74,2.31,1.74–2.31,0.49,0.4,0.58,0.4–0.58,33
Louisville,KY,Multifamily,20,1200,"4,000/sq. mi.","$80,000",1.95,1.79,2.12,1.79–2.12,0.48,0.41,0.55,0.41–0.55,34
St. Paul,MN,Multifamily,20,1200,"4,000/sq. mi.","$80,000",1.93,1.24,2.62,1.24–2.62,0.3,0.17,0.44,0.17–0.44,35
Fort Worth,TX,Multifamily,20,1200,"4,000/sq. mi.","$80,000",1.9,1.83,1.96,1.83–1.96,0.31,0.28,0.35,0.28–0.35,36
Jacksonville,FL,Multifamily,20,1200,"4,000/sq. mi.","$80,000",1.89,1.78,2.01,1.78–2.01,0.39,0.34,0.43,0.34–0.43,37
Sioux Falls,SD,Multifamily,20,1200,"4,000/sq. mi.","$80,000",1.88,1.66,2.1,1.66–2.1,0.25,0.2,0.31,0.2–0.31,38
Columbus,OH,Multifamily,20,1200,"4,000/sq. mi.","$80,000",1.86,1.79,1.93,1.79–1.93,0.32,0.3,0.34,0.3–0.34,39
Indianapolis,IN,Multifamily,20,1200,"4,000/sq. mi.","$80,000",1.82,1.67,1.97,1.67–1.97,0.54,0.45,0.63,0.45–0.63,40
Grand Rapids,MI,Multifamily,20,1200,"4,000/sq. mi.","$80,000",1.66,1.53,1.78,1.53–1.78,0.3,0.24,0.36,0.24–0.36,41
Reno,NV,Multifamily,20,1200,"4,000/sq. mi.","$80,000",1.65,1.57,1.73,1.57–1.73,0.16,0.13,0.19,0.13–0.19,42
Raleigh,NC,Multifamily,20,1200,"4,000/sq. mi.","$80,000",1.55,1.44,1.66,1.44–1.66,0.28,0.22,0.34,0.22–0.34,43
San Francisco,CA,Single-family,1,2800,"4,000/sq. mi.","$80,000",3.81,3.37,4.24,3.37–4.24,1.14,0.94,1.33,0.94–1.33,1
Miami,FL,Single-family,1,2800,"4,000/sq. mi.","$80,000",3.56,3.3,3.81,3.3–3.81,1.41,1.28,1.54,1.28–1.54,2
Philadelphia,PA,Single-family,1,2800,"4,000/sq. mi.","$80,000",3.05,2.73,3.37,2.73–3.37,0.23,0.18,0.29,0.18–0.29,3
Oakland,CA,Single-family,1,2800,"4,000/sq. mi.","$80,000",2.9,2.59,3.21,2.59–3.21,0.46,0.39,0.54,0.39–0.54,4
Pittsburgh,PA,Single-family,1,2800,"4,000/sq. mi.","$80,000",2.76,2.25,3.27,2.25–3.27,0.97,0.57,1.36,0.57–1.36,5
Los Angeles,CA,Single-family,1,2800,"4,000/sq. mi.","$80,000",2.63,2.59,2.67,2.59–2.67,0.78,0.76,0.8,0.76–0.8,6
New York,NY,Single-family,1,2800,"4,000/sq. mi.","$80,000",2.54,2.47,2.62,2.47–2.62,0.68,0.65,0.72,0.65–0.72,7
Boston,MA,Single-family,1,2800,"4,000/sq. mi.","$80,000",2.47,2.08,2.87,2.08–2.87,1.24,0.93,1.55,0.93–1.55,8
Honolulu,HI,Single-family,1,2800,"4,000/sq. mi.","$80,000",2.13,2.07,2.19,2.07–2.19,0.68,0.65,0.7,0.65–0.7,9
Seattle,WA,Single-family,1,2800,"4,000/sq. mi.","$80,000",2.12,2.05,2.19,2.05–2.19,0.63,0.59,0.66,0.59–0.66,10
San Diego,CA,Single-family,1,2800,"4,000/sq. mi.","$80,000",2.1,2,2.21,2–2.21,0.67,0.62,0.72,0.62–0.72,11
San Jose,CA,Single-family,1,2800,"4,000/sq. mi.","$80,000",2.1,1.68,2.52,1.68–2.52,0.33,0.19,0.47,0.19–0.47,12
Providence,RI,Single-family,1,2800,"4,000/sq. mi.","$80,000",2.1,1.55,2.64,1.55–2.64,0.14,0.09,0.18,0.09–0.18,13
Fort Lauderdale,FL,Single-family,1,2800,"4,000/sq. mi.","$80,000",2.05,1.88,2.23,1.88–2.23,0.53,0.46,0.61,0.46–0.61,14
St. Paul,MN,Single-family,1,2800,"4,000/sq. mi.","$80,000",2.03,1.74,2.32,1.74–2.32,0.18,0.16,0.21,0.16–0.21,15
Boulder,CO,Single-family,1,2800,"4,000/sq. mi.","$80,000",1.98,1.78,2.18,1.78–2.18,0.48,0.42,0.53,0.42–0.53,16
Cleveland,OH,Single-family,1,2800,"4,000/sq. mi.","$80,000",1.69,1.54,1.85,1.54–1.85,0.61,0.54,0.68,0.54–0.68,17
Buffalo,NY,Single-family,1,2800,"4,000/sq. mi.","$80,000",1.65,1.15,2.14,1.15–2.14,0.46,0.23,0.68,0.23–0.68,18
Houston,TX,Single-family,1,2800,"4,000/sq. mi.","$80,000",1.63,1.56,1.69,1.56–1.69,0.29,0.27,0.31,0.27–0.31,19
Albuquerque,NM,Single-family,1,2800,"4,000/sq. mi.","$80,000",1.6,1.53,1.68,1.53–1.68,0.11,0.1,0.11,0.1–0.11,20
Anaheim,CA,Single-family,1,2800,"4,000/sq. mi.","$80,000",1.59,1.42,1.76,1.42–1.76,0.58,0.49,0.67,0.49–0.67,21
Cincinnati,OH,Single-family,1,2800,"4,000/sq. mi.","$80,000",1.51,1.43,1.59,1.43–1.59,0.22,0.2,0.24,0.2–0.24,22
Sacramento,CA,Single-family,1,2800,"4,000/sq. mi.","$80,000",1.46,1.37,1.54,1.37–1.54,0.42,0.38,0.47,0.38–0.47,23
Portland,OR,Single-family,1,2800,"4,000/sq. mi.","$80,000",1.41,1.38,1.44,1.38–1.44,0.49,0.48,0.51,0.48–0.51,24
Baltimore,MD,Single-family,1,2800,"4,000/sq. mi.","$80,000",1.4,1.1,1.71,1.1–1.71,0.67,0.43,0.92,0.43–0.92,25
Atlanta,GA,Single-family,1,2800,"4,000/sq. mi.","$80,000",1.38,1.33,1.44,1.33–1.44,0.4,0.36,0.44,0.36–0.44,26
Reno,NV,Single-family,1,2800,"4,000/sq. mi.","$80,000",1.33,1.12,1.55,1.12–1.55,0.4,0.26,0.55,0.26–0.55,27
Austin,TX,Single-family,1,2800,"4,000/sq. mi.","$80,000",1.31,1.26,1.35,1.26–1.35,0.24,0.23,0.26,0.23–0.26,28
Sioux Falls,SD,Single-family,1,2800,"4,000/sq. mi.","$80,000",1.27,0.99,1.55,0.99–1.55,0.04,0.02,0.07,0.02–0.07,29
Ann Arbor,MI,Single-family,1,2800,"4,000/sq. mi.","$80,000",1.25,1.07,1.44,1.07–1.44,0.18,0.12,0.24,0.12–0.24,30
Spokane,WA,Single-family,1,2800,"4,000/sq. mi.","$80,000",1.23,1.13,1.33,1.13–1.33,0.08,0.07,0.09,0.07–0.09,31
Jacksonville,FL,Single-family,1,2800,"4,000/sq. mi.","$80,000",1.15,1.11,1.19,1.11–1.19,0.15,0.14,0.16,0.14–0.16,32
Orlando,FL,Single-family,1,2800,"4,000/sq. mi.","$80,000",1.12,1.07,1.17,1.07–1.17,0.23,0.21,0.25,0.21–0.25,33
New Orleans,LA,Single-family,1,2800,"4,000/sq. mi.","$80,000",1.04,1,1.08,1–1.08,0.13,0.12,0.15,0.12–0.15,34
Tulsa,OK,Single-family,1,2800,"4,000/sq. mi.","$80,000",1.03,0.94,1.11,0.94–1.11,0.09,0.08,0.1,0.08–0.1,35
Omaha,NE,Single-family,1,2800,"4,000/sq. mi.","$80,000",1,0.94,1.07,0.94–1.07,0.03,0.03,0.03,0.03–0.03,36
Baton Rouge,LA,Single-family,1,2800,"4,000/sq. mi.","$80,000",1,0.92,1.08,0.92–1.08,0.25,0.21,0.29,0.21–0.29,37
Denver,CO,Single-family,1,2800,"4,000/sq. mi.","$80,000",0.96,0.95,0.98,0.95–0.98,0.2,0.2,0.21,0.2–0.21,38
Tampa,FL,Single-family,1,2800,"4,000/sq. mi.","$80,000",0.93,0.9,0.95,0.9–0.95,0.19,0.18,0.19,0.18–0.19,39
Nashville,TN,Single-family,1,2800,"4,000/sq. mi.","$80,000",0.91,0.9,0.93,0.9–0.93,0.07,0.07,0.08,0.07–0.08,40
Little Rock,AR,Single-family,1,2800,"4,000/sq. mi.","$80,000",0.87,0.81,0.93,0.81–0.93,0.01,0.01,0.01,0.01–0.01,41
San Antonio,TX,Single-family,1,2800,"4,000/sq. mi.","$80,000",0.86,0.84,0.88,0.84–0.88,0.08,0.07,0.08,0.07–0.08,42
Charleston,SC,Single-family,1,2800,"4,000/sq. mi.","$80,000",0.85,0.82,0.88,0.82–0.88,0.1,0.09,0.11,0.09–0.11,43
Columbus,OH,Single-family,1,2800,"4,000/sq. mi.","$80,000",0.83,0.81,0.85,0.81–0.85,0.05,0.04,0.05,0.04–0.05,44
Raleigh,NC,Single-family,1,2800,"4,000/sq. mi.","$80,000",0.79,0.76,0.83,0.76–0.83,0.14,0.13,0.15,0.13–0.15,45
Norfolk,VA,Single-family,1,2800,"4,000/sq. mi.","$80,000",0.78,0.74,0.82,0.74–0.82,0.18,0.16,0.2,0.16–0.2,46
Boise,ID,Single-family,1,2800,"4,000/sq. mi.","$80,000",0.76,0.74,0.78,0.74–0.78,0.12,0.12,0.13,0.12–0.13,47
Oklahoma City,OK,Single-family,1,2800,"4,000/sq. mi.","$80,000",0.76,0.74,0.77,0.74–0.77,0.04,0.03,0.04,0.03–0.04,48
Louisville,KY,Single-family,1,2800,"4,000/sq. mi.","$80,000",0.76,0.72,0.79,0.72–0.79,0.03,0.03,0.04,0.03–0.04,49
Durham,NC,Single-family,1,2800,"4,000/sq. mi.","$80,000",0.72,0.7,0.74,0.7–0.74,0.09,0.09,0.09,0.09–0.09,50
Mesa,AZ,Single-family,1,2800,"4,000/sq. mi.","$80,000",0.65,0.63,0.67,0.63–0.67,0.08,0.07,0.09,0.07–0.09,51
Fort Worth,TX,Single-family,1,2800,"4,000/sq. mi.","$80,000",0.64,0.63,0.65,0.63–0.65,0.09,0.09,0.09,0.09–0.09,52
Phoenix,AZ,Single-family,1,2800,"4,000/sq. mi.","$80,000",0.63,0.62,0.64,0.62–0.64,0.05,0.05,0.06,0.05–0.06,53
El Paso,TX,Single-family,1,2800,"4,000/sq. mi.","$80,000",0.62,0.61,0.64,0.61–0.64,0.07,0.07,0.08,0.07–0.08,54
Colorado Springs,CO,Single-family,1,2800,"4,000/sq. mi.","$80,000",0.61,0.59,0.62,0.59–0.62,0.07,0.07,0.08,0.07–0.08,55
Wilmington,NC,Single-family,1,2800,"4,000/sq. mi.","$80,000",0.59,0.57,0.61,0.57–0.61,0.01,0.01,0.01,0.01–0.01,56
Indianapolis,IN,Single-family,1,2800,"4,000/sq. mi.","$80,000",0.46,0.43,0.5,0.43–0.5,0.01,0.01,0.02,0.01–0.02,57
